{"cameraMode":{"drawMode":0,"name":"Shaded","section":"Shading Mode"},"sceneLighting":false,"audioPlay":false,"sceneViewState":{"showFog":false,"showMaterialUpdate":false,"showSkybox":false,"showFlares":false,"showImageEffects":false,"showParticleSystems":false},"in2DMode":false,"pivot":{"x":-1.6708548069000245,"y":0.9996589422225952,"z":2.8728911876678469},"rotation":{"x":-0.06282784044742584,"y":0.9087440967559815,"z":-0.3850758969783783,"w":-0.14823006093502046},"size":16.607620239257814,"orthographic":false}