{"cameraMode":{"drawMode":0,"name":"Shaded","section":"Shading Mode"},"sceneLighting":true,"audioPlay":false,"sceneViewState":{"showFog":false,"showMaterialUpdate":false,"showSkybox":false,"showFlares":false,"showImageEffects":false,"showParticleSystems":false},"in2DMode":false,"pivot":{"x":1.9575386047363282,"y":-6.922618865966797,"z":1.5658692121505738},"rotation":{"x":-0.43633684515953066,"y":0.5634709000587463,"z":-0.5066032409667969,"w":-0.485306978225708},"size":39.606414794921878,"orthographic":false}