{"cameraMode":{"drawMode":0,"name":"Shaded","section":"Shading Mode"},"sceneLighting":true,"audioPlay":false,"sceneViewState":{"showFog":false,"showMaterialUpdate":false,"showSkybox":false,"showFlares":false,"showImageEffects":false,"showParticleSystems":false},"in2DMode":false,"pivot":{"x":-1.1146305799484254,"y":0.8540878295898438,"z":3.468238353729248},"rotation":{"x":-0.013449796475470066,"y":0.7251938581466675,"z":-0.6883075833320618,"w":-0.014134458266198635},"size":21.692081451416017,"orthographic":false}