{"cameraMode":{"drawMode":0,"name":"Shaded","section":"Shading Mode"},"sceneLighting":true,"audioPlay":false,"sceneViewState":{"showFog":false,"showMaterialUpdate":false,"showSkybox":false,"showFlares":false,"showImageEffects":false,"showParticleSystems":false},"in2DMode":false,"pivot":{"x":-1.9693751335144044,"y":1.8661632537841797,"z":5.52912712097168},"rotation":{"x":0.20580404996871949,"y":0.7815555930137634,"z":-0.48815879225730898,"w":0.3295097351074219},"size":27.757572174072267,"orthographic":false}